"year","amo","est","mei","obs","r_abd","r_aer","r_fgs","r_o3","rfc_CH4","rfc_cloud","rfc_CO2","rfc_H2Os","rfc_N2O","rfc_solar","rfc_volc"
1860,-0.0148442722339118,-0.0131034548644423,-0.0161374821712335,-0.0810594666060601,0.00470896658476767,0.000408619237398203,9.02679230542684e-07,0.0093131875860381,0.00855594932214708,-0.00454238208614729,0.0159603193678842,0.00113011573197446,0.00195188819798425,0.0147035764558871,-0.0325917330191548
1861,0.0284129995897043,0.0375576879447967,-0.00986078191258672,-0.00827106792803028,0.00440785969704315,0.00041488334418968,8.25806215410499e-07,0.00846081713181987,0.00857900786331536,-0.00449279523465937,0.0158246703039232,0.0011210645097848,0.00203283256136922,0.0109494423691944,-0.0277240196281593
1862,0.0349503336434722,0.0615863748822344,0.00760235969184038,0.0439030509318182,0.00426676791169231,0.000440039584791818,7.60678157498301e-07,0.00785465420653894,0.00869478792965457,-0.00471382943017407,0.0156962465265124,0.00112723751336772,0.0021000528960907,0.00380690066910972,-0.0200380837198944
1863,0.0344915733589972,0.0446448134697365,-0.00938783262366467,0.0217833167916667,0.00427677748197095,0.000495893801444818,7.04607119500882e-07,0.00755631013522528,0.00886259785585263,-0.00538042005875508,0.0155944170463138,0.00114547341161683,0.0021594609180793,-0.00362988299698265,-0.010504071724358
1864,0.0165234622170621,0.0469280851476773,0.00675475101835489,0.0587909366893937,0.00436845768613452,0.000567735829898774,6.55935833809944e-07,0.00746582433344881,0.00903365655582583,-0.00630052735780744,0.0154290895160388,0.00117134609425431,0.00220792395989042,-0.00942788749826106,0.000791805848417368
1865,0.0246855722783454,0.0551315837799396,-0.0014335916208336,0.125830629507576,0.00444046866569525,0.000622770543169339,6.13082086480554e-07,0.00740969289479912,0.00916210594713108,-0.00726594477574226,0.0151974136153543,0.00120052182218747,0.00224517137364538,-0.0127226947558521,0.0116955438172371
1866,0.0269411436770139,0.0718536490317919,-4.92865157539801e-05,0.128462908121213,0.00440142532392486,0.000635011494387565,5.81495866189059e-07,0.00726175515828752,0.00919452525972553,-0.00804916747124028,0.0149396029985198,0.00122789447731691,0.0022797203801205,-0.011704910814858,0.0243343196696214
1867,0.0219138955596428,0.068139041801521,-0.0086457824914556,0.121811527096591,0.00422480295439894,0.000602808292197669,5.48500303056194e-07,0.00701549911550036,0.00909751132319488,-0.00860091561355517,0.014717509660543,0.00124891434726542,0.00231396695008735,-0.00639186404625192,0.0303588345198863
1868,-0.0252237236701573,0.000768130463702894,-0.0252372029416803,0.0468489599909095,0.00392699803989961,0.00052670395573353,5.22612560167477e-07,0.00671799635449257,0.00887151443159453,-0.00893987720065046,0.0145647436757191,0.00125912432907118,0.002349618333547,-9.57958195927825e-05,0.0222824641665417
1869,-0.0495953637828884,-0.0425801642133294,-0.0344202148257926,0.0417107542011364,0.00349177057532519,0.000431175635675201,4.99759440362006e-07,0.00636468103837821,0.00855273975491221,-0.00885139868822677,0.0145052448546549,0.00125642671138596,0.00238399313958786,0.00362384485234834,0.00917195250722841
1870,-0.0467472270167731,-0.0439364423039787,-0.0303930998768841,-0.0258674718939395,0.00292927944015936,0.000321638087382948,4.80930551328863e-07,0.0059474521763633,0.00817968640879006,-0.00834820561616855,0.0145816904715044,0.00124109181793037,0.00241286142683291,0.00446804954160414,0.00104970017152161
1871,-0.0355076000471371,-0.0352152861732991,-0.0257301810478762,-0.0515349153371211,0.00230536145792466,0.000191858257059019,4.55101228475047e-07,0.00552262435226793,0.00777679121390356,-0.00772119897727584,0.0148027171409191,0.00121468796501256,0.00243361750519531,0.00142796227334285,-0.00215456741976289
1872,0.0305156508935476,0.0725760768596109,0.0236379302537416,0.0756667789090905,0.00168965910899067,6.68940137697935e-05,4.34490961390191e-07,0.00518148600340622,0.00738493484249391,-0.00713513224663689,0.0151563005948749,0.00117962769888837,0.00244223443282614,-0.00480332788466985,-0.00244141162002105
1873,0.0827187482644252,0.173666015190599,0.079995714355575,0.20234394189697,0.00117101934673323,-6.55869090095952e-05,4.19860611400097e-07,0.0050179170910938,0.00704739426520882,-0.00686481280802883,0.0156353576081045,0.00113966841736014,0.00244011516989272,-0.0132121916404743,-0.00133808368292004
1874,0.0903074079701148,0.162682551738358,0.0686498417579417,0.176804524848485,0.000770407617179861,-0.00018090438517597,4.10712731728169e-07,0.00497381444831485,0.00679847337882777,-0.0069883459121278,0.0161992217362364,0.00109954071601167,0.00242731612718457,-0.0216601703352202,0.000101892470286943
1875,0.0813806974347066,0.141089129300547,0.0611847315350671,0.159147384219697,0.000468189760248018,-0.000295046204843117,4.01661863163244e-07,0.00495265549224146,0.00666122649576183,-0.00728549745703501,0.0167936597062231,0.00106334552773975,0.00240444681695359,-0.0272742455375829,0.000802483757702363
1876,0.0662033780233274,0.119001614516225,0.0542211237868868,0.16790091160606,0.000266289673553353,-0.000383051486102999,3.86537860380828e-07,0.00494469367965972,0.00662708186914151,-0.00767639327893053,0.0173854953983477,0.00103452741815567,0.00237050577675999,-0.0273975138474388,0.00116942103580325
1877,0.033057947470013,0.0881936750584521,0.0492848622167977,0.115977833009849,9.0299715416731e-05,-0.000462352495504702,3.7525460933008e-07,0.00481955960720729,0.00667078342969963,-0.00785333071365642,0.0179608160118304,0.00101483145590254,0.00232669006016954,-0.0216864560850213,0.00281966260798753
1878,-0.0384130818488117,0.000259156055593411,0.0433643048806799,0.0683296687060605,-0.000112582166335124,-0.000535768891405831,3.61022635738006e-07,0.00453911946818036,0.00676097761212817,-0.00766473121725103,0.0184866230850023,0.00100412514383433,0.00227730127480808,-0.0120746408356537,-0.015789134727059
1879,-0.105717038583656,-0.125169481173354,0.0316471262495369,-0.0624103544294695,-0.000275247694128295,-0.000555973390017922,3.47086335007072e-07,0.00431794070144753,0.00687927645616253,-0.00738544981965928,0.0189503496786967,0.00100136483796398,0.00222470460136005,-0.000277249918748848,-0.0732530717659595
1880,-0.138805124101411,-0.218941216545837,0.0214308379675041,-0.179235535098485,-0.000359293754283622,-0.000496271057179251,3.39814036502501e-07,0.0042358248636727,0.00702658454681536,-0.00701077540213461,0.0193850687794014,0.00100540474965877,0.00217108973645335,0.00881165493522248,-0.13314507082665
1881,-0.145954138534479,-0.275356368481334,-0.00588322880251292,-0.27419659710606,-0.00040531382563013,-0.000377131579442741,3.37621544938563e-07,0.00419244919926449,0.00719958703573357,-0.00655825426079437,0.0198326962789507,0.00101549099671216,0.00211885324309659,0.0150352402030174,-0.161488813617362
1882,-0.161112342934005,-0.342068930005598,-0.0597286764118159,-0.416193284615531,-0.000381566837932813,-0.000202043541641377,3.30307337297656e-07,0.00419234268563678,0.00738615545588465,-0.00643919397176191,0.0203223908990854,0.00103052064099555,0.00207033300749568,0.0165238702378398,-0.161277664657879
1883,-0.118638786596367,-0.239175879789353,-0.0185358716732394,-0.328527686287879,-0.000290539184696586,-3.06102378861619e-05,3.18797791258383e-07,0.00430888051217989,0.00757672038443721,-0.00687655018445582,0.0208795864850906,0.00104983198307432,0.00202406453660189,0.0136083597769416,-0.140336963998278
1884,-0.0544505767935815,-0.0721577848127138,0.0529257676878435,-0.106083558409091,-0.000157541199187648,0.000118389873083779,3.10719102211582e-07,0.00453024682294364,0.00776786995040521,-0.00776384702217996,0.0215001983479971,0.00107222418813532,0.00198208158413505,0.00679963359434284,-0.103955906393046
1885,-0.0611217159303213,-0.0929294461962268,0.00497691708235612,-0.131228316136363,-4.42221899708003e-05,0.0002334923852282,3.08246964135654e-07,0.00474497394346099,0.00796162890110248,-0.00892549558928614,0.0221781698773744,0.0010965055672266,0.0019437489026877,-0.00209990830517555,-0.0623569276814064
1886,-0.0479323577516668,-0.0632314733703296,-0.00961075236588485,-0.108084383915152,1.52362708317967e-05,0.00026200518166376,3.04721663007213e-07,0.00484797987437966,0.00816826898557478,-0.0100261724609314,0.0228887465111569,0.00112293404869457,0.00190842171553946,-0.0102771630328419,-0.0223431239077818
1887,-0.0508187245414883,-0.0274814539575028,-0.0104192741117069,-0.0762767189545454,1.72669674095113e-05,0.000218449991149651,3.05611329607811e-07,0.0048397830540931,0.00839026708409474,-0.0109138348358273,0.0236215373011827,0.00115132486421988,0.00187735246881898,-0.0143489638773456,0.0204543159839963
1888,-0.0348003446085716,0.0164165057188622,-0.0426983047430313,-0.0425604872666668,-9.24127233650363e-05,0.000139801012774493,3.01606107857692e-07,0.00474147973876514,0.00861876658862404,-0.0116662693398415,0.0243284781592174,0.00118151192195953,0.00185449625479687,-0.0103729128837826,0.0744954912356992
1889,-0.0712335572006232,0.0157701725361591,-0.0593329657726334,-0.0205908553333334,-0.00025565162124306,-2.83751543368642e-05,2.98252640802716e-07,0.00459411737035801,0.00883047310948786,-0.0123618927399578,0.0249440443371199,0.00121281643340077,0.00184396571545712,0.00119206068783092,0.115502072224445
1890,-0.0993708546484194,0.00553525852427094,-0.0518512439858732,-0.0477067010416667,-0.000474741256541358,-0.000205192970076538,2.94317541048942e-07,0.00441119561711193,0.00899202219487108,-0.0127959662938974,0.025409705774951,0.00124346478126793,0.00184714686765603,0.0160272417275082,0.110048696511848
1891,-0.0713291322598887,0.0577709287314608,-0.0107239360967346,0.00656625409090885,-0.00073965136767147,-0.000327905981525644,2.92198138872403e-07,0.00418946417699948,0.00906838440850539,-0.0127847342482501,0.0257024705433855,0.00127072842150006,0.00186037223931268,0.0277878229711397,0.0805388977794344
1892,-0.0327741533521407,0.109595127429719,0.0207341250198228,0.086385696133333,-0.000980281388809871,-0.000360150239208644,2.8810303345952e-07,0.00403328754106246,0.00905303452953454,-0.0126594093199191,0.0258353080248576,0.00129170515342736,0.00187920028839689,0.0316961348981963,0.0587006759518359
1893,-0.00215190436343851,0.0905834605624788,-0.0139297954918575,0.00566194459090901,-0.00110240478696457,-0.000361491036395779,2.78055017868453e-07,0.00400625710193927,0.008973849999133,-0.0129474152949453,0.0258607932563223,0.00130481662572438,0.00190365124819843,0.0295962684332998,0.0470767488185033
1894,0.031987506806238,0.133060026481356,0.00688178277251864,0.0434235898484841,-0.00107449559547597,-0.000326910658633242,2.73940320854226e-07,0.00404837404217665,0.00886920244053738,-0.0138386049604843,0.0258641506711518,0.00131037905727721,0.00193548984214432,0.0229995513765551,0.0432453773877787
1895,0.063469931328331,0.226123995357643,0.07948744533373,0.211830167287879,-0.000932060797752747,-0.000281387336594558,2.638027762495e-07,0.00411406010670595,0.00876355565083674,-0.0150860541872625,0.0259107771280752,0.00130978343262719,0.00197612597430738,0.011252109830342,0.0456268388343434
1896,0.0507202184222983,0.175741107603926,0.0568633372089309,0.203126996931818,-0.000738275938322422,-0.000293940509387939,2.68817675997337e-07,0.00417289375903924,0.00867947097600184,-0.0164175758234513,0.0260184815200743,0.00130539234448617,0.00202800309807096,-0.00407530766502133,0.0462725386643653
1897,0.0250869875272611,0.137866362019188,0.0781058129691305,0.169330657272727,-0.000584626832077041,-0.000300857895414927,2.82593370613107e-07,0.00411856623325702,0.00864866939312888,-0.0173772035261853,0.0261914631499602,0.0012997980680133,0.00209761601913274,-0.0199086127808062,0.0293060630202036
1898,-0.0324300831387845,0.0430334156029658,0.0923563915192957,0.0383555106818175,-0.000549388343679568,-0.000291342821954271,3.13867255849366e-07,0.00395436967352402,0.00871689576716062,-0.0177812268458698,0.0264218797116793,0.0012964998271159,0.00219478818924865,-0.0324128431637844,-0.00793596092565964
1899,-0.0844611454029842,-0.10483738671893,0.0383972657150004,-0.111371839649243,-0.000522758214949841,-0.000274371197186375,3.66685457942733e-07,0.00388693520228406,0.00892476002530962,-0.0179732647283943,0.0266834546575027,0.00129994521559856,0.00232124086583018,-0.0370323015989722,-0.0426302770077038
1900,-0.142761931555008,-0.17840776468835,0.0371647408251742,-0.159036926742425,-0.000449062954981431,-0.000319179959911873,4.45495839388384e-07,0.00401977872234007,0.00928301184277155,-0.0183443338695477,0.0269763540314555,0.00131474437639737,0.00247614143201436,-0.031621909883038,-0.0614056380790782
1901,-0.152854657813456,-0.194412234654638,0.0185548799507151,-0.157779796363636,-0.000372573769275629,-0.000467439799069381,5.61193989533966e-07,0.00424063884725756,0.00976898621575759,-0.0189480419309897,0.0273129709543203,0.0013437794750205,0.00265507664454513,-0.0182133413194519,-0.063524705692032
1902,-0.145973253546332,-0.183154128690255,-0.000568599483839479,-0.15738978005303,-0.000326924867277231,-0.000700904205129525,7.12341991277907e-07,0.00449792708755335,0.0103278512743312,-0.019758209555975,0.0277149709373667,0.00138697788006744,0.00285246429826809,-0.00326996758964895,-0.0565705433339491
1903,-0.127183196894713,-0.137420753139125,0.00181623460876432,-0.129518346454546,-0.000287277808424524,-0.000926535392767146,8.99601545248678e-07,0.00487416116585594,0.0108907017814107,-0.0206465418464374,0.0281750737949585,0.00144245861081111,0.00306109165593573,0.00845342884821512,-0.0452292827134232
1904,-0.111719152305536,-0.143569148717958,-0.0468670029204592,-0.2080259625,-0.000216421426824069,-0.00111850018243489,1.12194896300708e-06,0.00534539361917817,0.011425950886818,-0.0216297159103731,0.028695486763783,0.00150598987491277,0.00327315689713207,0.0175820343252619,-0.0281922108020309
1905,-0.0835436248340339,-0.133394909987509,-0.0937220251020567,-0.215399375833333,-0.000108983294501151,-0.00129793244727205,1.53415231965111e-06,0.00580090606477258,0.0119235988530468,-0.0227087573983455,0.0293112355063246,0.00157399488658681,0.00348610337437329,0.0224131613314434,-0.00538129966688491
1906,-0.0450077609381391,-0.048669747402376,-0.0730273962235829,-0.144538837045454,-7.69146714640403e-05,-0.00148238930621949,2.37648398100332e-06,0.00611900361553395,0.0123457462541413,-0.0234775625344026,0.0300670445017498,0.00164288163359339,0.00369108678714036,0.0208433816971895,0.0195713646763778
1907,-0.0131430361789838,0.0188309401975989,-0.0511822149493563,-0.046199917818182,-0.000113779508605779,-0.00171462436689297,3.65885100117011e-06,0.00626173536756997,0.0126400305357525,-0.0236814616198362,0.0309842024726532,0.00170781107243759,0.00387554483664897,0.0126340902495885,0.0408056776889356
1908,-0.00463685590434425,0.0337582898733411,-0.0367131421471843,-0.00754056189393957,-0.000268792102391303,-0.00206762367295796,5.41027041283654e-06,0.00625780410316045,0.0127598814599959,-0.0231703651961737,0.0320545443154378,0.00176348380482995,0.00404072811237884,0.000620590652903239,0.0426456039422886
1909,0.00564702047263569,0.0646465513119909,0.0104604788142007,0.0774422051136367,-0.000533057668317453,-0.00240810377504104,7.99004617078025e-06,0.00611651724793469,0.0126921912693687,-0.021707835029103,0.0332032195269096,0.00180491238022362,0.00419271850816495,-0.00901943689825586,0.0233135091139813
1910,0.0373588251369658,0.0813326265995364,0.0191329049632777,0.136351159863636,-0.000971486654481352,-0.00261726169825465,1.19935278190677e-05,0.00586196284139492,0.0125013774248725,-0.0194900845540714,0.0343580126271284,0.00182893440141397,0.00432739041587828,-0.0130299422936636,0.00133809976064318
1911,0.0408951023297931,0.0894170089807584,0.0292019247377061,0.153178920439393,-0.0014101629569491,-0.00282363101799778,1.81020899519266e-05,0.00556388941481419,0.0122987547292563,-0.0171780475453458,0.035475769735457,0.0018375544899009,0.00443283675501439,-0.0093633762619359,-0.00937624250904917
1912,0.0540844605084478,0.0938361791054644,0.00688108086116736,0.164098803931818,-0.00165671901296263,-0.00308451446693259,2.65205381582587e-05,0.00534736747569632,0.0121567818752174,-0.0154990429263466,0.0365117415607625,0.00183613262411983,0.00449965265888849,0.00167252858084,-0.00819260905215736
1913,0.0418699679343024,0.0940050699024872,-0.00551402241712206,0.149698457075757,-0.00179223988206531,-0.00329184645729792,3.67589369397441e-05,0.00527365490386024,0.0121348124140552,-0.0143285064699757,0.0373922725002836,0.00183103026888356,0.00451074862016397,0.0175611114237599,-0.0019177642907949
1914,0.0581368430213097,0.163882047041784,0.0223657433152452,0.168666872280303,-0.00191732133063558,-0.00329579473344331,4.78241842659262e-05,0.00529644701612775,0.0122767914634844,-0.0132105680832319,0.0380340189185077,0.00182976743313295,0.00444941448240287,0.0334906012614959,0.0054073218510662
1915,0.0402451919267869,0.165640917123524,0.0196975693164104,0.168199739659091,-0.00204740825740862,-0.00309695509918543,5.84553234855059e-05,0.00538798403702802,0.0125977357465298,-0.0120243997464765,0.0383945168781385,0.00183866122589767,0.00431827451539331,0.0439335910176489,0.0152881108785896
1916,0.0378175854214404,0.134524409916661,-0.0273274361167413,0.175756898367424,-0.0022251625050568,-0.00275231774200546,6.78401313717569e-05,0.00549339211047065,0.013090613814616,-0.0105912131750913,0.0384359478141824,0.00186239531632282,0.00413495152055587,0.0468409339438832,0.0281584518470079
1917,0.0192186788883522,0.113611852867115,-0.039287018616055,0.108604513742425,-0.00242763868659687,-0.00238780828642103,7.60556774908721e-05,0.00559999659878991,0.0137104813749245,-0.00911369824071164,0.038156571674785,0.00190339391982253,0.00392877968058315,0.0408474920885683,0.0415014084455368
1918,-0.0183996644385928,0.0842615177262061,-0.0223588977820179,0.0689091065530306,-0.00253848952130415,-0.00220897228369478,8.34052789221274e-05,0.00575787039808021,0.0143636029235138,-0.00828482733639868,0.0376248945162015,0.0019605527753212,0.00372645972129291,0.0262278394365018,0.0462731740887167
1919,-0.0458679364715296,0.029993716192239,-0.0187825255537858,0.0212083091666666,-0.00259382625474896,-0.00223965507487052,9.00439279701438e-05,0.00593514746743186,0.014906917739839,-0.00793457078605612,0.0368951866740284,0.00202782154653687,0.00353296233551717,0.00634469355141869,0.036352502307359
1920,-0.05609446781295,-0.00559253741872196,-0.00879991593551834,0.0835426406496218,-0.00269629241715042,-0.00234263552498586,9.65628125809847e-05,0.006071705887915,0.0151914569556224,-0.00750878300951352,0.0359365673802466,0.00209430786005499,0.0033480390572804,-0.0125069653050163,0.022412707542609
1921,0.0182438132838432,0.103474055897481,0.0479546580449164,0.258420770343939,-0.00287696101396084,-0.00254715958665622,0.000103742966206069,0.00610525122911073,0.0151584988011031,-0.00707616666691919,0.0347526695279281,0.00214809286175881,0.00317304554571915,-0.0263026546212515,0.013879492261409
1922,0.0684016043864366,0.119314510920446,0.023350198329948,0.253678333012879,-0.00303965119347986,-0.00303168562234855,0.000112237196130238,0.00608556281708816,0.0148633539184527,-0.00711233345227714,0.0334434087580865,0.00217927824994758,0.00301666444239585,-0.0300965488010174,0.0100527629862101
1923,0.0690132847657365,0.0864627339116265,-0.0103939393720615,0.176174208439394,-0.00309665055862797,-0.0038593025508732,0.000123196021505266,0.0061488448145434,0.0144125081354244,-0.00790902519928218,0.0320783093367436,0.00218554236014466,0.00288758000430936,-0.0234488048112878,0.00713243467105094
1924,0.0537595053069445,0.0666724776235479,-0.0239405069222673,0.0500311832901514,-0.00308620251904739,-0.00473649479121754,0.000137820731280121,0.00634633002456659,0.0139265047196302,-0.00905668850225619,0.0306847790048135,0.00216915064540335,0.00277765183223819,-0.00661874397200385,0.00345593190197499
1925,0.0699499203465395,0.132850072894692,0.0116852907937388,0.0701963505511362,-0.00313228034420823,-0.00533190393026954,0.000156740006704495,0.00652062493544499,0.0134946623003018,-0.00961751740259259,0.0292769550378537,0.00213713503910819,0.00267103853265178,0.0115328595318005,0.00169713360151067
1926,0.0857389201372186,0.201140481243218,0.051205614230072,0.125440740329546,-0.00335677197441534,-0.00544210386564577,0.000179771659680155,0.006479714237327,0.0131640823141262,-0.0088913148863022,0.0279611587818173,0.00209697534516864,0.00256768194544362,0.023741429753847,0.00300062537012205
1927,0.122458857907067,0.224202491229047,0.0312332805336791,0.174627180416666,-0.00382497483444715,-0.00503580814923704,0.000205945225784799,0.00618859250747765,0.0129621833300069,-0.00671163697454641,0.0268477436371645,0.00205685177112584,0.0024710965333511,0.0276646509856983,0.00437860755771073
1928,0.122936733203395,0.204620476619932,0.0148389937123997,0.080289634381061,-0.00439534219647738,-0.00439341875560192,0.00023467172912994,0.00584385578047556,0.012913724420278,-0.00409369481750645,0.0260502656613182,0.00202238885382235,0.00239385654868843,0.0234633134369944,0.00337649255198796
1929,0.082680518240719,0.124845116182707,-0.0134734810962447,0.0638615055143941,-0.00483159787150857,-0.00383069802043967,0.000266335089819678,0.0056939981723927,0.0130235995056607,-0.00224984721234964,0.0257018080408929,0.00199935297570022,0.00235417093325409,0.0137783228913445,0.00112458158761829
1930,0.0515230489201294,0.0777106375512915,-0.0192876004732507,0.0256108281606061,-0.00505020727697458,-0.00353667586904865,0.000302257619773126,0.00572917089532036,0.0132485128882231,-0.00158116358643296,0.0259581743507042,0.00199038003959432,0.00235252413423463,0.0039969155521476,0.000703201360611633
1931,0.0302098107038978,0.0349596508028042,-0.0381398327575521,0.00795178929242453,-0.00509277323551113,-0.00355012875568227,0.000344397657240833,0.0058748258873744,0.0134968796059739,-0.00214107317776465,0.0269464874117836,0.00199459508428103,0.00237981694456019,-0.000367390426767831,0.0024917893857467
1932,0.0594557788391754,0.0852081821224617,-0.0226038049987675,0.137698541048485,-0.00503787894769623,-0.00381105433813376,0.00039347920661,0.00601837097031746,0.0136722244388099,-0.0034327844637373,0.0286064078277852,0.00200731548220956,0.00243172175261995,0.00150825452362096,0.00512847662650328
1933,0.0679046140782554,0.0743653772099007,-0.0537116863963182,0.207090085729925,-0.0049244438729993,-0.00415357940494901,0.000448162601299221,0.00612553098105001,0.0137427294283019,-0.00518162687119779,0.0307375526913563,0.00202183212155877,0.00250553745756096,0.00947317289122927,0.00837571672422871
1934,0.0460179255064301,0.0639411570985874,-0.0558920938793125,0.248213606227121,-0.00469985614185002,-0.00465919140496681,0.000507394879680116,0.0063071966429471,0.0137463221274365,-0.00780420053184038,0.0331048508332315,0.00203412948340173,0.00259775179901241,0.0213003011919428,0.0102318669540735
1935,0.0390791762037467,0.0918792028433225,-0.0314661955435031,0.230367950789394,-0.00431940933415277,-0.00539671153786183,0.000572031609428171,0.00661379273961456,0.0137079251513295,-0.0113953473631501,0.0354496511067992,0.0020425021443187,0.00270051988568059,0.0340775481070899,0.00938582714755047
1936,0.0390791762037467,0.150210586080171,0.0194300761747021,0.265289309712879,-0.00384469650434614,-0.00624232624694994,0.000644549967922396,0.0069343462112348,0.0136380998310359,-0.0153299616650721,0.0375144332538165,0.00204622939499895,0.00281346876284802,0.0445043502810601,0.00849219704178489
1937,0.0474515513954141,0.191657912674816,0.0521724119141199,0.313817342593408,-0.00340028799596838,-0.00695074178405125,0.000729038845998917,0.00708548031839387,0.0135516457499561,-0.0184938852427712,0.0390317709532463,0.0020456839644703,0.00295995299061707,0.0460079036166843,0.00888054041933853
1938,0.0410097924009118,0.148661528973485,0.0269782168302919,0.333698329378409,-0.00304633153764031,-0.00737253101336495,0.000829861483806951,0.00704547058321511,0.0134429749218003,-0.0203502461294286,0.039775462732225,0.0020412922299764,0.00315893188066977,0.0364019363842513,0.00867647979225408
1939,0.0699881503702455,0.14869052682311,0.0176382516848364,0.300414397341665,-0.00282423311803285,-0.00742574130943785,0.000948829735801655,0.00686757547185676,0.0132985955641092,-0.020701268660174,0.0395219561396989,0.00203300337274219,0.00338576691593687,0.0197363690570939,0.00684540812823768
1940,0.0705998307495456,0.0975265263275332,-0.0138718066595092,0.258142471349924,-0.00276715803878632,-0.00706113989099457,0.00108512880699384,0.00655351050332897,0.0131233068150126,-0.0193069395923256,0.0381861309766663,0.00202053821687782,0.00359989809197984,-0.000642776783879663,0.0050164852639551
1941,0.00398401444141411,0.00204603171631252,-0.0245610249583313,0.101157719343485,-0.00280558821079933,-0.00653057917590096,0.00124056760006406,0.00616903596520282,0.0129616643513897,-0.0169104406294522,0.0359432618787252,0.00200449353206973,0.00377065629391636,-0.016791203814494,0.00399768501222813
1942,-0.05878968448424,-0.0583045722093562,-0.0163912221106008,-0.0385558337522724,-0.00282329059339336,-0.00614906901965571,0.00141688847519229,0.00598376074332117,0.0128602959574191,-0.0148106934927003,0.033233154754321,0.00198756625786155,0.00387333484418823,-0.0205153632009488,0.00334536613730673
1943,-0.0708894869872668,-0.06323975385372,-0.0187087132863386,-0.114855909268181,-0.00277827452497512,-0.00588032277927206,0.0016132153580506,0.00598896186704033,0.0128351099577664,-0.013088724441112,0.0304142422552562,0.00197320489401502,0.00389404827728944,-0.00920603980938975,0.00288069413848676
1944,-0.086907866920183,-0.0904462704255178,-0.0455235547362637,-0.180936937122726,-0.00266411981178744,-0.00547077871643646,0.00182474121948837,0.00607238359932034,0.0128722714002198,-0.0115989319753403,0.0277231562899549,0.00196308447992029,0.00383575793831889,0.00575327198445052,0.00253672741789457
1945,-0.125501075851638,-0.145847729517291,-0.0762890646714359,-0.290059587849168,-0.00247768767198321,-0.00510641591980204,0.00204426252229947,0.0063290638251613,0.0129559315617768,-0.010940432121207,0.0253182612133411,0.00195862226770393,0.0037095414040039,0.0211178609924627,0.00226722183938292
1946,-0.0924703353694423,-0.0725552705455182,-0.0451937892771808,-0.239711443250001,-0.00236296189069558,-0.00515392933537064,0.00226427672493652,0.00660781911136794,0.0130659882966974,-0.0111345558836095,0.023454047309721,0.00195970501957158,0.00353137537574356,0.0325439985755838,0.00204399210442711
1947,-0.0458488214596765,0.0394960957301954,0.0173913563954721,-0.172950013628031,-0.00228892057789634,-0.00562680619079368,0.00247860360305695,0.00687623613704936,0.0132155170880745,-0.0122224775690417,0.0223354118372124,0.00196606709181659,0.00332693727368616,0.0372414803665316,0.00185012402183291
1948,-0.0126078158470965,0.0987129154938412,0.0492921450542344,-0.0799108760060607,-0.00212491585201482,-0.00631370071682666,0.00268796893074825,0.00730379746511329,0.0135009572823926,-0.0145944896017241,0.0220773483119946,0.0019797307825931,0.00314794167570446,0.0333932381139643,0.00167823569543849
1949,-0.0304994669416188,0.0498981006598023,0.0336644468614413,-0.0875073214613248,-0.00186464170587607,-0.0072175861641816,0.00290022981732503,0.00796781569081857,0.0140048045594656,-0.0182384643418178,0.0225546176907696,0.00200606983006374,0.00304522456444139,0.0209105384219379,0.00152338158278853
1950,0.0138473605576254,0.0596737147891388,0.0175744558546714,-0.0316504202917419,-0.00152321589179308,-0.00825902235111973,0.00312607879842663,0.00891771984741366,0.0147492821992576,-0.0228047480717989,0.0234919067501468,0.00205132958723373,0.00303156346226641,0.0047869961250384,0.00138282205374931
1951,0.0425007633254556,0.0462570094930462,-0.0127389927402323,-0.0420596385386364,-0.00109284873231544,-0.00912914057474746,0.00337499572609385,0.010111953929686,0.0157493739379032,-0.027702744766468,0.0246016416314439,0.00212149526689088,0.00310435508833708,-0.00494017139713927,0.00125275101186386
1952,0.0249149524205829,0.038054251096074,-0.0054795100851185,-0.00767105346969664,-0.000660435630274857,-0.00974731929144483,0.00365814553474526,0.0112316759410816,0.0169805950601015,-0.0322713457878457,0.025727884551312,0.00221980712585544,0.00324807885710566,-0.00260218718393723,0.00113329050339496
1953,0.0110756838389222,0.0789375709325585,0.0338807968351276,0.0426832218022727,-0.000299913132345663,-0.0103588300855276,0.00398327550524576,0.01199246998651,0.0183625833972708,-0.0362593829353997,0.0268105144675595,0.00234752872703632,0.0034280019274279,0.0140281169477478,0.00102094149346515
1954,-0.01409878677164,0.08481326998153,0.0405928008076786,0.0537314106083336,3.36276920842629e-05,-0.0109810406960023,0.00435467428680813,0.0123805832333556,0.0197634029320792,-0.0397622384877513,0.0278452524789167,0.00249955494574071,0.00360737269940619,0.0380955526599399,0.000916290036055181
1955,-0.00528676630735053,0.104811683714993,0.0303858868966195,0.0134113727386367,0.000382451860359965,-0.0114222217425552,0.00477776712367533,0.0125651037118985,0.0209761099355901,-0.0429874922589017,0.0289352507607923,0.0026657883315071,0.0037706954849897,0.058906027221995,0.000817364697992881
1956,-0.0230446123189014,0.0660902513828244,-0.00070527846180079,-0.0293904435378788,0.000778437323919143,-0.0117271930441494,0.00526357481991273,0.0127432678156817,0.021882622282545,-0.0458038256053332,0.0302443567828393,0.00283190013499503,0.00391670337091783,0.069656817188712,-0.000537364382635376
1957,-0.016277898122896,0.0543919350864321,-0.0135924672422547,-0.0210842477636365,0.00101322924297121,-0.0121084682884949,0.00582365347552344,0.0129160103843082,0.0225492404754925,-0.0477238189060658,0.0318915400391342,0.00298556726279661,0.00404491368464727,0.0662042937151111,-0.00380274177733229
1958,-0.00935826383206556,0.0474224557726975,-0.00112394728239543,0.0387205288201523,0.00104989928114692,-0.0126757944702475,0.00646976370451615,0.0130902532923192,0.0231096895793635,-0.0484343751383259,0.03392920924679,0.00312180794526852,0.00416103547509307,0.0503666768319744,-0.0163235054981145
1959,-0.0150736523761493,0.00742011949254821,0.0162565178879603,0.0217709946340912,0.000854019177847972,-0.0134096552809396,0.00721906443645523,0.0132034382144506,0.0236427021177333,-0.0476332375817506,0.0362336578534037,0.00324351498481236,0.00427310155737137,0.0252999744580767,-0.0447097896350674
1960,-0.0500350090555102,-0.0784824011364673,0.0225740284086445,-0.0232014095446971,0.000391180475225328,-0.0143377933841175,0.00808611638860496,0.0132756489312362,0.0241513657617796,-0.045450572475688,0.0386345767274222,0.00335272829757118,0.00438483889471353,-0.00585832539876472,-0.0731322920907447
1961,-0.0407259982830398,-0.106150306398466,0.0266801570721278,-0.0816503258477282,-0.000217459071234134,-0.0155143958316278,0.0090878135826853,0.0135941686066228,0.0246396372180383,-0.043005465207733,0.0413052968218973,0.00345270891019233,0.0045040447279967,-0.0388379585211213,-0.0862345677581632
1962,-0.0689779858019546,-0.191293633586491,-0.0111733388970414,-0.163078975589015,-0.000603193980474288,-0.0167409793267303,0.0102377474872301,0.0144334220838848,0.0251950766657311,-0.0414670118325382,0.0442659727770779,0.0035466004841591,0.00464122708599028,-0.0617321719184234,-0.0878038883610037
1963,-0.0911322845397235,-0.213176988921598,-0.0217670363926476,-0.158559921766667,-0.000800138765578538,-0.0179336231616972,0.0115515753315034,0.0155814295918417,0.0259433674453562,-0.0409517403598585,0.0472292611368201,0.00364218072356126,0.00479688738741112,-0.0615512936494269,-0.0822470463595464
1964,-0.0621921565940959,-0.104132628822815,0.0218601683346585,-0.066568307284091,-0.00092814293707924,-0.0191323513758279,0.0130369477346041,0.0165687683883324,0.0269395891004466,-0.040913061409815,0.0502273301809539,0.00374838847451916,0.00495748105026012,-0.0440422059614119,-0.0692205226858134
1965,-0.0659004688936018,-0.0537595462417895,0.0288377311354091,-0.0146193681593941,-0.00102208611951537,-0.0201545796502905,0.0146885268033481,0.0172020604603273,0.0281435356074098,-0.0413165383293284,0.0532754459371733,0.00387241190955216,0.00510914031462673,-0.0216667257468078,-0.0504696015072128
1966,-0.066416574213636,-0.0346256700969289,-0.0019822154737952,-0.0568234861196369,-0.000927740853306456,-0.0207457741538089,0.0164970659372221,0.0176822411076174,0.0293955348730987,-0.0423908979301702,0.0561648252906713,0.00401546554347746,0.00524783538861417,0.00042199882235996,-0.02816726901891
1967,-0.066588609320314,0.013393960434476,-0.00254656031525708,0.0140335712480295,-0.000625160770019287,-0.0208953615345618,0.0184580117946755,0.0182226823725675,0.0305046328811766,-0.0442952929566298,0.0590004333228925,0.00417080590123237,0.00537583558289173,0.0176114599867641,-0.000490079941624755
1968,-0.0400952028918865,0.0816375839617336,-0.00243961418044124,0.13522909381515,-0.000146017546362441,-0.0207052174833495,0.020576237658798,0.0186568677544012,0.0314019427506382,-0.0465039515373529,0.0620845820168363,0.00432673374368167,0.00549733696286014,0.025022372975163,0.0255745505920058
1969,-0.0539727014972533,0.0556884732352986,-0.0366953783126398,0.158419130245454,0.000327078392539573,-0.0201057458444201,0.0228566099008176,0.0188109395620188,0.0321489658564721,-0.0484124892032792,0.0653529149559208,0.00447472775478125,0.00561660741489619,0.0217567747443225,0.0453149928929716
1970,-0.0503790792688662,0.0329109011629211,-0.0518033821519885,0.0771980930659092,0.000691732753720129,-0.0192251891187995,0.0252667081692379,0.0185838438024448,0.0328074680619002,-0.0495418793741123,0.0684111942013282,0.00461152836567755,0.00573453438628092,0.0104355052845252,0.038858387264061
1971,-0.063778702577905,-0.018387164419479,-0.0622223666089979,-0.016605630494962,0.00102484346824953,-0.0183439365719073,0.0277350708295883,0.0181569680775435,0.0333734182416899,-0.0502966519732355,0.070819549280551,0.00473625622052954,0.0058528647622562,-0.00541194775111111,0.0213076893747825
1972,-0.0335387538262654,0.0427445336329954,-0.0146576146757043,0.0670149355185603,0.00143627350855149,-0.0175002723890678,0.0301769935228023,0.0178269433518407,0.0337998908425333,-0.0513666510369005,0.0728503557466543,0.00484724022108126,0.0059768235973516,-0.019903508088497,0.0129870272115678
1973,-0.0101610943298968,0.0708691679849731,-0.00973566621412087,0.102720458361742,0.00195872425894342,-0.0165598542584596,0.0324989361797757,0.0176423937138508,0.0340788271870688,-0.0528674195811423,0.0750264162412725,0.00494278509119461,0.00611097071114915,-0.0241441306759251,0.0116400019447491
1974,0.0117255942419281,0.106533014314795,-0.0112440331363158,0.137297310755302,0.00245638787281695,-0.0156037344411555,0.0345931997557409,0.017370106365967,0.0342878614616028,-0.0541928439055983,0.0773853535371898,0.00502197503047948,0.00625815045120922,-0.0138636997077783,0.0120950416058852
1975,0.0652476274306712,0.219489849707576,0.0227687023048904,0.269184932262121,0.00274597800306396,-0.0146809964050424,0.0363834152566092,0.0166771476067851,0.034485099786488,-0.0544459032970985,0.0801207264010735,0.00508758620635923,0.00641960183301664,0.00607916194795042,0.0135999620432335
1976,0.0999031439203819,0.2904135792676,0.0301598288397709,0.374979013848105,0.00285029856735403,-0.0136262808111818,0.0378432830127893,0.0157134386186862,0.034752369165893,-0.0534121836991535,0.0833390364537647,0.00514451744405362,0.00659645369604234,0.0274468894979772,0.01483851430468
1977,0.0852801598527437,0.28410937287105,0.0212684022916282,0.288470364319698,0.00289434914899904,-0.0121289060578882,0.0389671194314643,0.0147084355679,0.0350857341315511,-0.0514147965591009,0.0864502333181215,0.00519939799391506,0.00678950363449868,0.0448985590230658,0.00522171284699061
1978,0.082336448027363,0.322952071379901,0.0723901356448975,0.324274504248486,0.00278625295231856,-0.0104056172587898,0.0397673211126475,0.0135728769877821,0.0353572386433331,-0.0483984913590721,0.0892557679032928,0.00525302389486492,0.00700006219863388,0.053769642810461,-0.0198309813139422
1979,0.0773665449455509,0.299321117804188,0.074548819377281,0.334851943492424,0.00254809744090524,-0.00865476164520605,0.0403416834163635,0.0122356236797816,0.0354047627087948,-0.0447438202505525,0.0922356881281474,0.00529971041837249,0.00723069826372308,0.0494257078740103,-0.042249712114546
1980,0.0205949597417772,0.171268540834246,0.0246043404664943,0.219894900465152,0.00224430973859549,-0.00681432277983808,0.0408293546565084,0.010740065535525,0.0351685026870467,-0.0405754384291756,0.0952238754593334,0.00532949808420621,0.00748234418651147,0.0332563375434492,-0.0533251599007486
1981,-0.0149780773168841,0.0847041876813526,-0.00378474309745466,0.14321896739015,0.00196313132186489,-0.00496246239094456,0.0413735401698621,0.00927352674580225,0.0346820510526611,-0.0363788529750148,0.0977154099822653,0.0053340744102619,0.00775421307866565,0.00956900605215456,-0.0591292832684025
1982,-0.010983039839581,0.0754936462744257,0.00190038181084131,0.0551602466590909,0.00190303450149531,-0.00329608211324898,0.0421228187352534,0.00826983346627649,0.0340078809782042,-0.0335406460959671,0.099620517821163,0.00530815359229544,0.00804761626000103,-0.0153238483009206,-0.0584100359542062
1983,-0.0058793316747973,0.0791653519565559,0.00511349665668609,0.117658224066666,0.00212964014185163,-0.00192897346555245,0.0431818906155082,0.00782063512343807,0.0332002868824868,-0.0324651485615343,0.1013035090152,0.00525575525707591,0.00837656857268787,-0.0345982421676934,-0.0477014907866663
1984,-0.00180783415008216,0.0674659954699868,-0.0297602385471199,0.0636681899681823,0.00257676004851744,-0.000904200518882758,0.0444832232400797,0.00777929375944844,0.0323154571424362,-0.0329202262615493,0.103091332001828,0.00517852421887843,0.00875790407276636,-0.0381825032080006,-0.0282634229378682
1985,0.012623999799025,0.115259680039306,-0.0350273133717053,0.123796426436362,0.00331979374724535,-0.000273293009739731,0.0458074364967049,0.00837662099064723,0.0314178525841167,-0.0353472837460443,0.104658250298643,0.00508175614434869,0.00915808319996884,-0.027437810148157,-0.00214989354855732
1986,0.0178232830230746,0.165272328015186,-0.019887334021583,0.20681019519394,0.00416985503810529,0.000177061263951533,0.0469033935368506,0.00939288357189657,0.0306082966192363,-0.038594083270339,0.10579209747855,0.00497396746604451,0.00951175043634392,-0.00867843890798295,0.00707968708361998
1987,0.010731613625566,0.175268282060049,-0.00467477277752411,0.207883129292425,0.00474060212449681,0.00074977022027476,0.0475459452450255,0.00999710511448305,0.0298955268332082,-0.0400572254661716,0.10634635439496,0.00486284887290721,0.00976590800946684,0.0123741387946463,-0.0134778422134294
1988,-0.0138502916175495,0.145998922880793,0.00776901292176507,0.123679695147728,0.00516964873162827,0.00158731146801113,0.0474264570477325,0.0103929979863494,0.0291516847356963,-0.0399841890000258,0.105917705033163,0.00475465185311495,0.00990298130192719,0.0295394277932017,-0.047649331741778
1989,-0.00564995153256007,0.178960262461585,0.0560094792929044,0.161091007325757,0.00559026983578683,0.00294957501638082,0.046366695129608,0.0106415981146228,0.0282944755493246,-0.0389147225351134,0.104709532192436,0.0046463951901376,0.00993459989839715,0.0360629006021389,-0.0766010083224347
1990,0.0235960166027174,0.181654137615186,0.0494157970849535,0.164488728848485,0.00583729667325823,0.00480349621712525,0.0445574570866856,0.0102829660894436,0.0272997726088352,-0.0362826647178897,0.103617632340176,0.00453230488900858,0.00989100358412496,0.0289392821171819,-0.0893421767881811
1991,0.000982957580473759,0.10183387914656,0.00262946179788296,0.0932087164545461,0.00600666035339981,0.00677851181210181,0.04220876730636,0.00987982241130146,0.0261737526509896,-0.0331531730772178,0.102873417999209,0.00440891137362046,0.00982483162099666,0.0107600714905456,-0.0818798015778016
1992,-0.0150927673880025,0.0754728847515743,-0.00605227177686618,0.0927319123863636,0.00645669099788152,0.00835462575444525,0.0394122057812072,0.0103887773982087,0.0249384339438465,-0.0318779584871557,0.10216484673923,0.00427166051919062,0.00977075341162672,-0.0119246413951465,-0.0599999259360467
1993,0.0527846397024352,0.213237096149,0.0525212760565033,0.215724196580302,0.00700371879502529,0.00961176167095298,0.0363695384910563,0.0112036690250972,0.023770203620315,-0.0317140841186936,0.102047282326804,0.00412440198180526,0.00973208733578983,-0.0315204241240755,-0.0277671012305077
1994,0.0824320230866287,0.238906557775152,0.0135683668023122,0.213608845227273,0.00691013384940423,0.0105093008395832,0.0333446275565488,0.011017988050422,0.0227589398270587,-0.0291306679232091,0.103334635774604,0.00397487472597202,0.00975178057925804,-0.0374234302178023,0.0121741794417983
1995,0.0940921803170326,0.245727124736203,-0.0531884977009557,0.153718329007575,0.00596012401415088,0.0108486918424055,0.0306364577424183,0.00952707418078746,0.0218080209009613,-0.0235053891309835,0.105764787409757,0.00382604478538937,0.0098838378113753,-0.0251408259547334,0.0572277612850418
1996,0.119343110975008,0.330264226809729,-0.0751721989489579,0.253126728948483,0.00482271818031622,0.0105259835354542,0.0283648820949318,0.00786590654746662,0.0208202594884551,-0.0181611176766838,0.108651768780505,0.00367949909243911,0.0100996106139871,0.00119299512059742,0.108399280371356
1997,0.111926486375996,0.397540549394702,-0.0697020516356508,0.352456812212121,0.00404158849362689,0.0095985364785849,0.0265563260404713,0.00686812060993569,0.0198526333442903,-0.0152911448310785,0.111737440308876,0.00353297357641488,0.0103179110624975,0.0331167883639116,0.142199736568927
1998,0.0993488085766417,0.44129586607559,-0.0309582379187464,0.317215642278788,0.00341631292229507,0.00823358577681263,0.0251213282186064,0.00582729911009493,0.0189914261731637,-0.0132756819422905,0.114887030204287,0.00338850723490518,0.0104731123084856,0.0595525053200038,0.13207394341416
1999,0.0780355703604103,0.408733580835325,-0.0143329188017896,0.229012733825758,0.00303158186259662,0.00665060521347496,0.0238928366308571,0.00489718388186055,0.01813452410179,-0.0118202225820613,0.117641489203094,0.00324939303114125,0.0105557919575971,0.068713302580441,0.0964487804841783
2000,0.0666812533196552,0.369926035732818,0.00220943987072237,0.216933392954545,0.00318217523250939,0.00504556946983879,0.0227263333898787,0.00453274177706012,0.0172109052518826,-0.0122698194458834,0.119903115838388,0.00311214758479946,0.0105782339136625,0.0593890410530133,0.06503401346342
2001,0.0881665266425652,0.346664508015842,0.00465622372606287,0.231092871742424,0.0036540828677231,0.00374329424056988,0.0217397793076604,0.00421650210707377,0.0162874475354811,-0.0138123548178175,0.122125627900929,0.0029731277490917,0.0105552726231326,0.0367529157160223,0.0434600087342553
2002,0.0527655246905824,0.249113480519435,-0.00658875317203423,0.182167287121213,0.00432285050758096,0.00297865392919758,0.0210249957278966,0.00409156334596576,0.0153818735632825,-0.0158689415688068,0.12429645484591,0.00283030993080389,0.0105281460665427,0.00311495882527484,0.0288644390935221
2003,0.0356767040938916,0.167088352066703,-0.0214829296584073,0.127093543257577,0.00532085515081889,0.00268094921488692,0.0205320985495498,0.00483398213736209,0.014570233663347,-0.0195641340091878,0.126029334429887,0.00268880707123459,0.0105418104045989,-0.0336733163618378,0.0191962670503847
2004,0.0337269728848726,0.167401322075971,0.0250359774036112,0.210765289469698,0.0065753289623576,0.00296388041963664,0.0201637949853073,0.00617430025511462,0.0140421149171279,-0.0244201233243885,0.127535529127528,0.0025557120664862,0.0105999394607736,-0.0694965826567776,0.0126215536923081
2005,0.0533580900580294,0.148860426347063,0.0158238706853713,0.193695676212121,0.00754365715756804,0.00377163268752596,0.0198150389115983,0.00714426284513907,0.013849243716298,-0.0278163676493876,0.129215035366046,0.0024423202096624,0.0107118505427745,-0.0937707067778038,0.00804582444371931
2006,0.0235386715671582,0.059747446333035,-0.0334193003956187,0.0828109299242427,0.00783830507365153,0.00465813957329098,0.0194679410092242,0.00722445764120057,0.0138898206986959,-0.0280406956517707,0.130745874869957,0.00236016605074879,0.0109083429098509,-0.101882516153178,0.00486014624628729
2007,0.0219138955596427,0.0549286457318947,-0.0492230099601453,0.0601941163636366,0.00764745985184343,0.00558727124942817,0.0191588500617791,0.006725165914891,0.014058977836194,-0.0258370038771617,0.131868198358363,0.00230954352051238,0.0111582116151328,-0.0902464598099235,0.00321187727409276
2008,0.000447737248586198,0.0641116474015182,-0.0499490916090999,0.07528438719697,0.00721562144030535,0.00647971801080221,0.0188381264053177,0.00605945522620706,0.0143030514694502,-0.022943717055087,0.132779603828298,0.00228573627308696,0.0114030534489126,-0.0621262568122507,0.00336578802824802
2009,-0.0146148920916744,0.10846761127476,-0.0307280373677346,0.107578093636364,0.00671591969947045,0.00711380758564785,0.0184554272736081,0.0055925086470366,0.014657830477448,-0.0203838574570061,0.133663818280146,0.00228486352560353,0.0116390494067214,-0.0279341957743263,0.00458718362038734
2010,-0.0220697467143921,0.169387063801668,0.0060863711484062,0.157227800681817,0.00621621138822731,0.0073870859733123,0.0180426457757506,0.00495461312725288,0.0151898195193778,-0.0176295199586779,0.134722469300181,0.00230769358698356,0.0118997176611175,0.00335732636324226,0.00535126924603927
2011,0.0157970917666434,0.278287536568008,0.0543636949657767,0.299737068787877,0.00562262790807709,0.0074435427326253,0.0176308815222041,0.00322285869690145,0.0158146541274603,-0.0143218979179525,0.136377843725017,0.0023519539953118,0.0121587641935377,0.0214516281472216,0.00527662125947392
2012,0.0522685343824013,0.309379152086602,0.0404583999986427,0.354817969772728,0.00495235404321482,0.00720598986607291,0.0172227048531623,0.000663881954259667,0.0163937784378572,-0.0108608411260529,0.138747288817117,0.00241032551377571,0.0123750515555023,0.026863034569736,0.00471141875170915
2013,0.0328859123633351,0.277949662031666,0.0326506119879148,0.35434799878788,0.0041786133926787,0.00671837092601789,0.0168285144075929,-0.00198483882002036,0.01687612537554,-0.00769990220654479,0.14148100346785,0.00247494825017785,0.0125613446660351,0.0200652426567555,0.00364577472796452
2014,0.0316816666165882,0.25596311372827,0.0233456146053829,0.330733959242425,0.00307270687263592,0.00599386416709807,0.0164717863144562,-0.00495825070094852,0.0173349652177946,-0.0035897823618508,0.144438392115023,0.00254137060721761,0.0127468621904043,0.00542763127635341,0.000462834122174983
2015,0.0284512296134102,0.231204195819466,0.0172570600616802,0.354366473181817,0.00176547305318079,0.00548866529347249,0.0161220956664134,-0.0079286138181271,0.0178618998556156,0.0017485741093322,0.147295027216169,0.00260953985714064,0.012931057179967,-0.0105857808553063,-0.00420939866535421
2016,0.05538428131446,0.234984918226904,0.00575530735618691,0.320389974393939,0.000524855847718437,0.00575119430672797,0.0157413363348238,-0.0100300810670644,0.0184964415812444,0.00605881818617208,0.149770996377173,0.0026838152419562,0.0131355835531174,-0.0241255231046838,-0.00857655142467579
2017,0.0513318988015977,0.175335333625614,-0.0464392285244227,0.219334152424242,-0.000571424475327852,0.00609672554988469,0.0153365436293327,-0.0109571325297018,0.0192474897711095,0.00969307317949306,0.15156351108611,0.00276805433351722,0.0133975124871878,-0.027647774229899,-0.0121401574585164
2018,0.105484727381494,0.22943061119817,-0.0576972739569956,0.249533247878788,-0.0012568759083913,0.0060005609066667,0.014918936504049,-0.0108287145939017,0.020057275653335,0.0111830955311651,0.152633796764632,0.00286557216888293,0.0136885145501724,-0.0169014037751535,-0.01392634479566
2019,0.149946244951856,0.315169753715932,-0.0417256473163822,0.29569412587121,-0.00163684345828804,0.00549303152260537,0.014474794594604,-0.00977825902465624,0.0208035864605205,0.011002332173621,0.153673207134581,0.00297070894170349,0.0139589466914059,0.00344268038290619,-0.0106500213123983
